nu,zeff,eta,shat,beta,ky,mu,xstar,f,gamma,gamma_10
1.398957621,2.788549247,0.0,0.005906846,0.000710695,0.040731854,0.0,10.72829394,0.49238020619671896,0.0646209221884325,0
1.398957621,2.788549247,0.5,0.005906846,0.000710695,0.040731854,0.0,10.72829394,1.56381683722743,0.061218590356826946,0
1.398957621,2.788549247,1.0,0.005906846,0.000710695,0.040731854,0.0,10.72829394,2.167866748451472,0.11079861749820975,0
1.398957621,2.788549247,1.5,0.005906846,0.000710695,0.040731854,0.0,10.72829394,2.7746308996411058,0.1804673552940405,0
1.398957621,2.788549247,2.0,0.005906846,0.000710695,0.040731854,0.0,10.72829394,3.361347018607498,0.2715228690312242,0
1.398957621,2.788549247,2.5,0.005906846,0.000710695,0.040731854,0.0,10.72829394,3.92408202853252,0.3682556996444063,0
1.398957621,2.788549247,3.0,0.005906846,0.000710695,0.040731854,0.0,10.72829394,4.467976591883137,0.46405470591998643,0
1.398957621,2.788549247,3.5,0.005906846,0.000710695,0.040731854,0.0,10.72829394,4.997883269868784,0.5564814006844842,0
