n,m,rho_tor,omega_plasma_kHz,omega_lab_kHz,gamma_cs_a,omega_n_kHz,omega_n_cs_a,omega_e_plasma_kHz,omega_e_lab_kHz,peak_percentage,nu,zeff,eta,shat,beta,ky,ModIndex,mu,xstar
2,11.0,0.9491394204827415,0,0,0,11.217748513833413,0.4073432674081198,22.96869706283307,30.15228395919656,1.2050272657526295,1.5902264655244391,2.7885492467711024,1.047531822852751,0.004328232334810781,0.002157194946939971,0.035731605611703236,-1,-6.593996670885084,0.0
3,17.0,0.9706157404752377,0,0,0,25.899647274324245,0.9404781122014833,55.91540838935626,64.6319872263526,2.933540004491517,1.3989576213429111,2.7885492467711024,1.1589254786797163,0.0059068456522995225,0.0007106948783195592,0.04073185394710223,-1,1.5071992390594706,0.0
4,23.0,0.9746113348924462,0,0,0,30.86002387035227,1.1206012454406626,68.76835902754307,80.13810729636774,3.6078558318986373,1.1688995815316037,2.7885492467711024,1.2283961709313511,0.007526621798841691,0.0005167225403698272,0.05035290291365169,-1,3.0143984781188995,0.0
5,28.0,0.9656212474537269,0,0,0,46.12500215067143,1.6749091015983593,95.22108756017278,110.29867820261131,4.9956689519973,0.7558641257442928,2.7885492467711024,1.0644137261853048,0.0036645860305750608,0.0010116834879119764,0.0740193739225045,-1,-0.37679980976485716,0.0
6,34.0,0.9706157404752377,0,0,0,51.79929454864849,1.8809562244029665,111.83081677871252,129.2639744527052,5.867080008983034,0.6994788106714556,2.7885492467711024,1.1589254786797163,0.0059068456522995225,0.0007106948783195592,0.08146370789420446,-1,1.5071992390594706,0.0
7,39.0,0.9626245516408205,0,0,0,65.15321904928487,2.365869148961987,130.90085666300266,152.57129098877184,6.867568541558303,0.5151365654193578,2.7885492467711024,1.0091233951768865,0.0031596195252920015,0.0012170266437861877,0.1084647751518789,-1,-1.5071992390594287,0.0
