name,factor
nu,0.010101010101010102
zeff,0.20007038973261715
eta,0.2000233228554264
shat,1.0
beta,10.106540522487528
ky,3.3394402233270686
mu_norm,1.0001402804777535
