q_scale,q_shift,n,m,rho_tor,omega_kHz,gamma_cs_a,omega_n_kHz,omega_n_cs_a,omega_e_plasma_kHz,omega_e_lab_kHz,peak_percentage,nu,zeff,eta,shat,beta,ky,ModIndex,mu,xstar
0.9,0.0,3,15,0.9733736489437965,47.378539720018466,0.06764243572163414,21.088497899334847,0.7626326411393803,46.55774797811517,46.55774797811517,0.7623815636161803,1.5030110931014553,2.7885369861203984,1.2077318261526653,0.007315805572437936,0.0005718723615686604,0.03381926706811645,1,2.630556730440035,9.770639284491459
0.9005,0.0,3,15,0.9732904420793402,47.555360164580094,0.06854954420265687,21.154672665139792,0.7650257483518289,46.67382385656783,46.67382385656783,0.7642823022376973,1.4995217454390222,2.7885369861203984,1.2063127421243607,0.007291977639598023,0.0005757421227335818,0.03389186940522648,1,2.5992405788871613,9.770639284491459
