n,m,rho_tor,omega_kHz,gamma_cs_a,omega_n_kHz,omega_n_cs_a,omega_e_plasma_kHz,omega_e_lab_kHz,peak_percentage,nu,zeff,eta,shat,beta,ky,ModIndex,mu,xstar
1,6,0.9836080932719143,0,0,5.055799922922543,0.18283512020134482,11.804277404287644,11.804277404287644,0.6378723354044314,6.30223308889012,2.33,1.3347991582436065,0.006494260992980554,0.00023837171810105561,0.010041487990383296,-1,9.167559333208121,0.0
2,12,0.9836080932719143,0,0,5.055799922922543,0.18283512020134482,11.804277404287644,11.804277404287644,0.6378723354044314,6.30223308889012,2.33,1.3347991582436065,0.006494260992980554,0.00023837171810105561,0.010041487990383296,-1,9.167559333208121,0.0
3,17,0.9669667203806658,0,0,8.849771260869232,0.32003817732172196,18.498122347674677,18.498122347674677,0.9995902416036295,3.8822460033695965,2.33,1.0902373408753816,0.004117359321797752,0.0009249557954822403,0.01402818233618495,-1,0.31001408373166217,0.0
4,23,0.9722087528414091,0,0,8.076624826466032,0.29207854216558293,17.668087431143842,17.668087431143842,0.954737321552595,4.379581337369996,2.33,1.1875582697920863,0.006862916879686138,0.0006278815030895235,0.0127711343380092,-1,3.1001408373167396,0.0
5,28,0.9586460339350416,0,0,8.69772139932222,0.31453953118533057,17.057062252641117,17.057062252641117,0.9217191160111976,3.4452710852321604,2.33,0.9610954949615089,0.002947362762205818,0.0015070733468121778,0.015817136876267655,-1,4.118758541006538,0.0
6,34,0.9669667203806658,0,0,8.849771260869232,0.32003817732172196,18.498122347674677,18.498122347674677,0.9995902416036295,3.8822460033695965,2.33,1.0902373408753816,0.004117359321797752,0.0009249557954822403,0.01402818233618495,-1,0.31001408373166217,0.0
7,40,0.9702949949589155,0,0,8.433987676076907,0.3050020123503623,18.158457809497435,18.158457809497435,0.9812356566679614,4.172586848647821,2.33,1.1530097632231653,0.0057198751008150465,0.0007282018424219261,0.013231918835947909,-1,2.081523133626942,0.0
8,45,0.9623071359711163,0,0,9.02711997199118,0.3264517169019811,18.092473780801626,18.092473780801626,0.977670052011102,3.5976136060367683,2.33,1.0042354413077368,0.003139422373518963,0.0012395946370304515,0.015079334222307186,-1,2.170098586121694,0.0
9,51,0.9669667203806658,0,0,8.849771260869232,0.32003817732172196,18.498122347674677,18.498122347674677,0.9995902416036295,3.8822460033695965,2.33,1.0902373408753816,0.004117359321797752,0.0009249557954822403,0.01402818233618495,-1,0.31001408373166217,0.0
