modetype,frequency_hertz,growth_rate,f_dev_f_avg,realfreq_over_omegastar,parity_phi,parity_apar,Q_ion_over_Q_electron,KAPPA,q,shat,beta_e_unit,ky,convergance_mode,directory,Q_estatic_over_Q_emagnetic_i,D_over_chi_i,Q_estatic_over_Q_emagnetic_z,D_over_chi_z,Q_estatic_over_Q_emagnetic_e,D_over_chi_e
na,0.0,0.0,0.0,0.0,0.0,0.0,0.0,0.0,0.0,0.0,0.0,0.0,0,/p/gyro/mcurie/NSTX_132543_scan/MTM_kappa_scan/KAPPA=1.80/,0.0,0.0,0.0,0.0,0.0,0.0
na,0.0,0.0,0.0,0.0,0.0,0.0,0.0,0.0,0.0,0.0,0.0,0.0,0,/p/gyro/mcurie/NSTX_132543_scan/MTM_kappa_scan/KAPPA=2.40/,0.0,0.0,0.0,0.0,0.0,0.0
mtm,-140606.28754190076,31323.787656473814,-0.00031164120099150266,1.0008971676387362,0.038713812828063965,0.12080693244934082,0.00630641517485467,1.4,-7.1554999351501465,9.536499977111816,0.0006577000021934509,0.06,0,/p/gyro/mcurie/NSTX_132543_scan/MTM_kappa_scan/KAPPA=1.40/,0.08365087637127225,2.8807411769965308,3.683741216275588,1.0493519473685906,0.3461634429761202,0.07045723125923974
mtm,-140646.461330013,31370.898851097067,-0.004690041979197788,1.0011831422664559,0.03878295049071312,0.12082535028457642,0.006303557156374354,1.5999999999999999,-7.1554999351501465,9.536499977111816,0.0006577000021934509,0.06,1,/p/gyro/mcurie/NSTX_132543_scan/MTM_kappa_scan/KAPPA=1.60/,0.08407168459492664,2.8808612296883522,3.685120850866617,1.048566215404327,0.3461749972012322,0.07045565459684999
na,0.0,0.0,0.0,0.0,0.0,0.0,0.0,0.0,0.0,0.0,0.0,0.0,0,/p/gyro/mcurie/NSTX_132543_scan/MTM_kappa_scan/KAPPA=2.00/,0.0,0.0,0.0,0.0,0.0,0.0
na,0.0,0.0,0.0,0.0,0.0,0.0,0.0,0.0,0.0,0.0,0.0,0.0,0,/p/gyro/mcurie/NSTX_132543_scan/MTM_kappa_scan/KAPPA=2.20/,0.0,0.0,0.0,0.0,0.0,0.0
mtm,-140606.28754190076,31323.787656473814,-0.00031164120099150266,1.0008971676387362,0.038713812828063965,0.12080693244934082,0.00630641517485467,1.0,-7.1554999351501465,9.536499977111816,0.0006577000021934509,0.06,0,/p/gyro/mcurie/NSTX_132543_scan/MTM_kappa_scan/KAPPA=1.00/,0.08365087637127225,2.8807411769965308,3.683741216275588,1.0493519473685906,0.3461634429761202,0.07045723125923974
mtm,-140606.28754190076,31323.787656473814,-0.00031164120099150266,1.0008971676387362,0.038713812828063965,0.12080693244934082,0.00630641517485467,1.2,-7.1554999351501465,9.536499977111816,0.0006577000021934509,0.06,0,/p/gyro/mcurie/NSTX_132543_scan/MTM_kappa_scan/KAPPA=1.20/,0.08365087637127225,2.8807411769965308,3.683741216275588,1.0493519473685906,0.3461634429761202,0.07045723125923974
