omega_omega_n,gamma_omega_n,nu,zeff,eta,shat,beta,ky,ModIndex,mu,xstar
0,0,0.2748084792407911,2.051782733344162,1.9589957573921177,0.024502003314849693,0.002241714230544439,0.1720644672466597,1,9.530026764921333,10.0
0,0,1.682570213196754,1.367243162268732,3.6566031577667326,0.039534129777089505,0.013251652245721411,0.14999314121355037,1,8.391635059806571,10.0
0,0,4.546694645084968,1.8637343880950628,1.7876045901394746,0.019857674433923795,0.019825274967039116,0.15104484588067674,1,3.1581506721343877,10.0
0.3685993018987788,-0.013016590385104077,4.980239745690485,1.985067269746684,0.8888199137766324,0.019729663277362457,0.004047391487886131,0.02269915007917364,1,5.354334113282345,10.0
0,0,6.700925937474346,3.3767150488446194,0.9867609262433659,0.012488103912282056,0.014595488029277402,0.0634900680354658,1,6.492226955640427,10.0
0,0,5.164042539340784,4.342153151685661,3.1920305437965735,0.010142577682498728,0.012383020160140536,0.16855782811530043,1,9.092030610624787,10.0
0,0,0.13812172485707772,4.561421847986551,4.269966889773301,0.008065688607583044,0.0038291167589922983,0.1891737549404953,1,2.136427224301789,10.0
4.724831580329205,0.15340130069456503,4.525686843334858,2.9205332657076166,3.70468155367387,0.0206731063794588,0.004507502046953129,0.18070679866833872,1,5.617513221729632,10.0
2.891970786060814,-0.04618417345789369,7.827842080243368,3.599941740794545,1.325954789180471,0.04677701152939525,0.0018284347396017066,0.04734814300439459,1,0.04653063564674875,10.0
