name,factor
nu,0.010101010101010102
zeff,0.4166666666666667
eta,0.2222222222222222
shat,11.11111111111111
beta,344.82758620689657
ky,11.11111111111111
mu_norm,1.6949152542372878
