name,factor
nu,0.10416666666666667
zeff,0.4166666666666667
eta,0.3448275862068966
shat,11.11111111111111
ky,11.11111111111111
mu_norm,2.564102564102564
