q_scale,q_shift,n,m,rho_tor,omega_plasma_kHz,omega_lab_kHz,gamma_cs_a,omega_n_kHz,omega_n_cs_a,omega_e_plasma_kHz,omega_e_lab_kHz,peak_percentage,nu,zeff,eta,shat,beta,ky,ModIndex,mu,xstar
1.126,0.0,1,5.0,0.7859344321559268,22.334000341372832,17.05938463784719,0.026287037715561637,5.916455678216201,0.24346796714349644,17.52524308507888,12.25062738155324,1.0,4.263703111606318,2.210093406260416,1.9621185449939347,0.0959225811798131,0.0751935754117329,0.08004497688603687,1,0.0,11.649354402648568
1.126,0.0,2,10.0,0.7859344321559268,40.70059896109193,30.15136755404064,0.03759704554181929,11.832911356432403,0.4869359342869929,35.05048617015776,24.50125476310648,1.0,2.131851555803159,2.210093406260416,1.9621185449939347,0.0959225811798131,0.0751935754117329,0.16008995377207375,1,0.0,11.649354402648568
1.126,0.0,3,15.0,0.7859344321559268,57.97126928908683,42.14742217850991,0.01918214584556332,17.749367034648603,0.7304039014304893,52.57572925523664,36.75188214465972,1.0,1.4212343705354393,2.210093406260416,1.9621185449939347,0.0959225811798131,0.0751935754117329,0.24013493065811062,1,0.0,11.649354402648568
1.126,0.0,4,20.0,0.7859344321559268,0.0,-21.09846281410256,0.0,23.665822712864806,0.9738718685739858,70.10097234031552,49.00250952621296,1.0,1.0659257779015796,2.210093406260416,1.9621185449939347,0.0959225811798131,0.0751935754117329,0.3201799075441475,1,0.0,11.649354402648568
1.126,0.0,5,25.0,0.7859344321559268,7.809760446337483,-18.563318071290723,-0.007085520906695193,29.582278391081008,1.2173398357174823,87.6262154253944,61.253136907766205,1.0,0.8527406223212636,2.210093406260416,1.9621185449939347,0.0959225811798131,0.0751935754117329,0.40022488443018434,1,0.0,11.649354402648568
